<?xml version="1.0" encoding="UTF-8"?>
<!DOCTYPE mapper PUBLIC
        "-//mybatis.org/DTD Mapper 3.0//EN"
        "http://mybatis.org/dtd/mybatis-3-mapper.dtd">


<mapper namespace="com.daou.Board">

    <!--  Main Page  -->
    <resultMap id="boardResultMap" type="BoardVO">
        <result column="board_id" property="boardId"/>
        <result column="member_id" property="memberId"/>
        <result column="nickname" property="nickname"/>
        <result column="title" property="title"/>
        <result column="view_count" property="viewCount"/>
        <result column="like_count" property="likeCount"/>
        <result column="commentCount" property="commentCount"/>
        <result column="created_at" property="createdAt"/>
        <result column="updated_at" property="updatedAt"/>
    </resultMap>

    <resultMap id="boardDetailResultMap" type="BoardDetailVO">
        <result column="board_id" property="boardId"/>
        <result column="member_id" property="memberId"/>
        <result column="nickname" property="nickname"/>
        <result column="title" property="title"/>
        <result column="content" property="content"/>
        <result column="view_count" property="viewCount"/>
        <result column="like_count" property="likeCount"/>
        <result column="created_at" property="createdAt"/>
        <result column="updated_at" property="updatedAt"/>
    </resultMap>

    <resultMap id="commentResultMap" type="CommentVO">
        <result column="board_id" property="boardId"/>
        <result column="member_id" property="memberId"/>
        <result column="comment_id" property="commentId"/>
        <result column="comment_text" property="commentText"/>
        <result column="created_at" property="createdAt"/>
        <result column="updated_at" property="updatedAt"/>
    </resultMap>

    <resultMap id="LikeListResultMap" type="LikeListVO">
        <result column="board_id" property="boardId"/>
        <result column="member_id" property="memberId"/>
        <result column="nickname" property="nickname"/>
        <result column="created_at" property="createdAt"/>
    </resultMap>



    <resultMap id="boardCreateResultMap" type="boardCreateRequestDto">
        <result column="member_id" property="memberId"/>
        <result column="title" property="title"/>
        <result column="content" property="content"/>
    </resultMap>

    <resultMap id="boardUpdateResultMap" type="boardUpdateRequestDto">
        <result column="board_id" property="boardId"/>
        <result column="member_id" property="memberId"/>
        <result column="title" property="title"/>
        <result column="content" property="content"/>
    </resultMap>

    <!--  1. 모든 글 보여주기  -->
    <select id="selectAllContent" resultMap="boardResultMap">
        <![CDATA[
        SELECT
            b.board_id,
            m.member_id,
            m.nickname,
            b.title,
            b.view_count,
            (SELECT COUNT(*) FROM likes l WHERE l.board_id = b.board_id) AS like_count,
            (SELECT COUNT(*) FROM comments c WHERE c.board_id = b.board_id) AS comment_count,
            b.created_at,
            b.updated_at
        FROM boards b, members m
        WHERE b.member_id = m.member_id
        ]]>
    </select>

    <!--  2.1 특정 글 상세페이지 보여주기  -->
    <select id="selectContentByBoardId" resultMap="boardDetailResultMap" parameterType="int">
    <![CDATA[
        SELECT
            b.board_id,
            m.member_id,
            m.nickname,
            b.title,
            b.content,
            b.view_count,
            (SELECT COUNT(*) FROM likes l WHERE l.board_id = b.board_id) AS like_count,
            (SELECT COUNT(*) FROM comments c WHERE c.board_id = b.board_id) AS comment_count,
            b.created_at,
            b.updated_at
        FROM boards b, members m
        WHERE b.member_id = m.member_id
          AND b.board_id = #{boardId}
        ]]>
    </select>


    <!-- 2.2 글 Update -->
    <select id="updateContentView" parameterType="int">
        <![CDATA[
        UPDATE boards
        SET view_count = view_count + 1
        WHERE board_id = #{boardId}
        ]]>
    </select>

    <!--  3. 게시글 작성 -->
    <insert id="insertContent" parameterType="BoardCreateRequestDTO">
        <![CDATA[
        INSERT INTO boards (board_id, member_id, title, content, created_at, updated_at)
        VALUES (board_seq.NEXTVAL, #{memberId}, #{title}, #{content}, SYSDATE, SYSDATE)
        ]]>
    </insert>

    <!--  4. 게시글 삭제 -->
    <delete id="deleteContent" parameterType="int">
    <![CDATA[
        DELETE FROM boards
        WHERE board_id = #{boardId}
        ]]>
    </delete>

    <!--  5. 게시글 수정 -->
    <update id="updateContent" parameterType="BoardUpdateRequestDTO">
    <![CDATA[
        UPDATE boards
        SET title = #{title}, content = #{content}, updated_at = SYSDATE
        where board_id = #{boardId}
        ]]>
    </update>

    <!-- 6.1 댓글 로드 -->
    <select id="selectCommentById" parameterType="int" resultMap="commentResultMap">
        <![CDATA[
        SELECT
            b.board_id,
            c.member_id,
            c.comment_id,
            c.comment_text,
            c.created_at,
            c.updated_at
        FROM boards b
        INNER JOIN comments c
        ON b.board_id = c.board_id
        WHERE b.board_id = #{boardId}
        ]]>
    </select>

    <!-- 6.2 댓글 등록 -->
    <insert id="insertComment" parameterType="CommentRequestDTO">
        <![CDATA[
        INSERT INTO comments(comment_id, board_id, member_id, comment_text)
        VALUES(comment_id_seq.NEXTVAL, #{boardId}, #{memberId}, #{commentText})
        ]]>
    </insert>

    <!-- 6.3 댓글 삭제 -->
    <delete id="deleteComment" parameterType="int">
        <![CDATA[
        DELETE FROM comments
        WHERE comment_id = #{commentId}
        ]]>
    </delete>

    <!--  7.1 좋아요 조회  -->
    <select id="selectIsLikeByMemberAndBoardId" parameterType="LikeToggleDTO" resultType="int">
    <![CDATA[
        SELECT COUNT(like_id) as count
        FROM likes
        WHERE board_id = #{boardId} AND member_id = #{memberId}
        ]]>
    </select>


    <!--  7.2 좋아요 취소  -->
    <delete id="deleteLikeByMemberAndBoardId" parameterType="LikeToggleDTO">
        <![CDATA[
        DELETE FROM likes
        WHERE board_id = #{boardId} AND member_id = #{memberId}
        ]]>
    </delete>

    <!--  7.3 좋아요 등록  -->
    <insert id="insertLikeByMemberAndBoardId" parameterType="LikeToggleDTO">
        <![CDATA[
        INSERT INTO likes (like_id, board_id, member_id)
        VALUES (like_id_seq.NEXTVAL, #{boardId}, #{memberId})
        ]]>
    </insert>

    <!--  7.4 좋아요 한 사람 리스트 조회 -->
    <select id="selectLikeMemberByBoardId" parameterType="int" resultMap="LikeListResultMap">
    <![CDATA[
        SELECT l.board_id, m.member_id, m.nickname, l.created_at
        FROM likes l, members m
        WHERE l.member_id = m.member_id
          AND l.board_id = #{boardId}
        ]]>
    </select>

    <!--  8.1 타이틀 기반 검색  -->
    <select id="selectContentByTitle" parameterType="String" resultMap="boardResultMap">
        <![CDATA[
        SELECT
            b.board_id,
            m.member_id,
            m.nickname,
            b.title,
            b.view_count,
            (SELECT COUNT(*) FROM likes l WHERE l.board_id = b.board_id) AS like_count,
            (SELECT COUNT(*) FROM comments c WHERE c.board_id = b.board_id) AS comment_count,
            b.created_at,
            b.updated_at
        FROM boards b, members m
        WHERE b.member_id = m.member_id
        AND b.title LIKE '%' || #{titleKeyword} || '%'
        ]]>
    </select>

    <!--  8.2 본문 기반게시글 검색  -->
    <select id="selectContentByContent" parameterType="String" resultMap="boardResultMap">
        <![CDATA[
        SELECT
            b.board_id,
            m.member_id,
            m.nickname,
            b.title,
            b.view_count,
            (SELECT COUNT(*) FROM likes l WHERE l.board_id = b.board_id) AS like_count,
            (SELECT COUNT(*) FROM comments c WHERE c.board_id = b.board_id) AS comment_count,
            b.created_at,
            b.updated_at
        FROM boards b, members m
        WHERE b.member_id = m.member_id
          AND b.content LIKE '%' || #{contentKeyword} || '%'
        ]]>
    </select>


</mapper>

